epoch,time,train/loss,metrics/accuracy_top1,metrics/accuracy_top5,val/loss,lr/pg0,lr/pg1,lr/pg2
1,21.697,1.36677,0.13684,1,1.71289,6.25e-05,6.25e-05,6.25e-05
2,31.5725,1.25019,0.17895,1,1.5166,0.000136933,0.000136933,0.000136933
3,35.3142,1.14565,0.27368,1,1.36035,0.000210747,0.000210747,0.000210747
4,39.4206,1.0664,0.26316,1,1.47363,0.000283942,0.000283942,0.000283942
5,43.4507,0.9655,0.53684,1,1.08398,0.000356519,0.000356519,0.000356519
6,47.416,0.86414,0.65263,1,1.00488,0.000428477,0.000428477,0.000428477
7,51.325,0.70577,0.56842,1,1.11035,0.000499816,0.000499816,0.000499816
8,55.1997,0.54625,0.6,1,1.11719,0.000570536,0.000570536,0.000570536
9,58.9618,0.50839,0.58947,1,1.19727,0.000640637,0.000640637,0.000640637
10,62.8198,0.58248,0.61053,1,1.06641,0.00071012,0.00071012,0.00071012
11,66.6365,0.51545,0.54737,1,2.2168,0.000778984,0.000778984,0.000778984
12,70.5502,0.51488,0.67368,1,0.95459,0.00084723,0.00084723,0.00084723
13,74.5452,0.4755,0.64211,1,1.05566,0.000914856,0.000914856,0.000914856
14,78.5184,0.45265,0.63158,1,1.17676,0.000981864,0.000981864,0.000981864
15,82.3059,0.43697,0.67368,1,1.10645,0.00104825,0.00104825,0.00104825
16,86.1273,0.52677,0.66316,1,1.22949,0.00111402,0.00111402,0.00111402
17,89.9206,0.51587,0.58947,1,1.82324,0.0011675,0.0011675,0.0011675
18,93.7133,0.51368,0.67368,1,1.43164,0.00116234,0.00116234,0.00116234
19,97.6671,0.43549,0.66316,1,1.18652,0.00115719,0.00115719,0.00115719
20,101.444,0.43412,0.68421,1,1.05273,0.00115203,0.00115203,0.00115203
21,105.446,0.43703,0.66316,1,1.14453,0.00114688,0.00114688,0.00114688
22,109.36,0.44373,0.73684,1,0.90625,0.00114172,0.00114172,0.00114172
23,113.303,0.36968,0.68421,1,0.72803,0.00113656,0.00113656,0.00113656
24,117.19,0.33831,0.78947,1,0.66602,0.00113141,0.00113141,0.00113141
25,121.012,0.3643,0.82105,1,0.55811,0.00112625,0.00112625,0.00112625
26,124.809,0.30402,0.83158,1,0.56934,0.00112109,0.00112109,0.00112109
27,128.631,0.32567,0.69474,1,1.03613,0.00111594,0.00111594,0.00111594
28,132.548,0.39917,0.70526,1,0.75586,0.00111078,0.00111078,0.00111078
29,136.332,0.32984,0.78947,1,0.65088,0.00110563,0.00110563,0.00110563
30,140.252,0.36637,0.73684,1,0.83447,0.00110047,0.00110047,0.00110047
31,144.012,0.28854,0.75789,1,0.67432,0.00109531,0.00109531,0.00109531
32,147.944,0.27134,0.72632,1,0.8252,0.00109016,0.00109016,0.00109016
33,151.848,0.32673,0.78947,1,0.72168,0.001085,0.001085,0.001085
34,155.675,0.28619,0.74737,1,0.77539,0.00107984,0.00107984,0.00107984
35,159.556,0.35003,0.75789,1,0.72949,0.00107469,0.00107469,0.00107469
36,163.419,0.24334,0.67368,1,1.0127,0.00106953,0.00106953,0.00106953
37,167.397,0.29023,0.77895,1,0.55518,0.00106437,0.00106437,0.00106437
38,171.17,0.21788,0.81053,1,0.50195,0.00105922,0.00105922,0.00105922
39,174.946,0.19881,0.84211,1,0.52051,0.00105406,0.00105406,0.00105406
40,178.768,0.25296,0.8,1,0.63379,0.00104891,0.00104891,0.00104891
41,182.653,0.22698,0.82105,1,0.51318,0.00104375,0.00104375,0.00104375
42,186.413,0.20265,0.81053,1,0.52832,0.00103859,0.00103859,0.00103859
43,190.332,0.22701,0.72632,1,0.90723,0.00103344,0.00103344,0.00103344
44,194.234,0.17203,0.77895,1,0.42139,0.00102828,0.00102828,0.00102828
45,198.018,0.13363,0.76842,1,0.46289,0.00102312,0.00102312,0.00102312
46,201.828,0.21171,0.81053,1,0.50146,0.00101797,0.00101797,0.00101797
47,205.567,0.14333,0.89474,1,0.54688,0.00101281,0.00101281,0.00101281
48,209.525,0.14704,0.74737,1,0.82568,0.00100766,0.00100766,0.00100766
49,213.471,0.13222,0.86316,1,0.41138,0.0010025,0.0010025,0.0010025
50,217.218,0.14509,0.81053,1,0.63721,0.000997344,0.000997344,0.000997344
51,221.108,0.14583,0.85263,1,0.50391,0.000992188,0.000992188,0.000992188
52,224.98,0.13589,0.83158,1,0.54395,0.000987031,0.000987031,0.000987031
53,228.88,0.14848,0.85263,1,0.57373,0.000981875,0.000981875,0.000981875
54,232.787,0.13808,0.83158,1,0.59229,0.000976719,0.000976719,0.000976719
55,236.578,0.1835,0.76842,1,0.67334,0.000971562,0.000971562,0.000971562
56,240.435,0.14761,0.70526,1,1.27051,0.000966406,0.000966406,0.000966406
57,244.343,0.16738,0.8,1,0.64844,0.00096125,0.00096125,0.00096125
58,248.213,0.17774,0.55789,1,2.61719,0.000956094,0.000956094,0.000956094
59,252.059,0.19304,0.92632,1,0.36865,0.000950937,0.000950937,0.000950937
60,255.942,0.20247,0.83158,1,0.54932,0.000945781,0.000945781,0.000945781
61,259.979,0.16475,0.85263,1,0.57227,0.000940625,0.000940625,0.000940625
62,263.804,0.16859,0.81053,1,0.79834,0.000935469,0.000935469,0.000935469
63,267.588,0.15349,0.86316,1,0.48267,0.000930313,0.000930313,0.000930313
64,271.611,0.19196,0.69474,1,0.88477,0.000925156,0.000925156,0.000925156
65,275.428,0.18316,0.76842,1,0.57617,0.00092,0.00092,0.00092
66,279.231,0.17485,0.8,1,0.4646,0.000914844,0.000914844,0.000914844
67,283.129,0.15384,0.88421,1,0.45483,0.000909688,0.000909688,0.000909688
68,286.97,0.15296,0.8,1,0.71045,0.000904531,0.000904531,0.000904531
69,290.785,0.16058,0.87368,1,0.29541,0.000899375,0.000899375,0.000899375
70,294.716,0.12355,0.84211,1,0.60107,0.000894219,0.000894219,0.000894219
71,298.499,0.12042,0.86316,1,0.44629,0.000889062,0.000889062,0.000889062
72,302.358,0.12078,0.88421,1,0.36865,0.000883906,0.000883906,0.000883906
73,306.248,0.0756,0.84211,1,0.47705,0.00087875,0.00087875,0.00087875
74,310.1,0.09481,0.88421,1,0.35181,0.000873594,0.000873594,0.000873594
75,313.933,0.07245,0.81053,1,0.46216,0.000868437,0.000868437,0.000868437
76,317.794,0.07974,0.81053,1,0.54883,0.000863281,0.000863281,0.000863281
77,321.795,0.09635,0.88421,1,0.37769,0.000858125,0.000858125,0.000858125
78,325.676,0.07929,0.83158,1,0.51172,0.000852969,0.000852969,0.000852969
79,329.399,0.11293,0.87368,1,0.46899,0.000847813,0.000847813,0.000847813
80,333.312,0.10452,0.82105,1,0.65186,0.000842656,0.000842656,0.000842656
81,337.088,0.10195,0.82105,1,0.45776,0.0008375,0.0008375,0.0008375
82,341.016,0.08285,0.87368,1,0.41455,0.000832344,0.000832344,0.000832344
83,344.766,0.12807,0.87368,1,0.47534,0.000827187,0.000827187,0.000827187
84,348.502,0.09019,0.83158,1,0.5332,0.000822031,0.000822031,0.000822031
85,352.454,0.11071,0.8,1,0.83838,0.000816875,0.000816875,0.000816875
86,356.305,0.08668,0.76842,1,0.77393,0.000811719,0.000811719,0.000811719
87,360.027,0.1112,0.84211,1,0.47925,0.000806562,0.000806562,0.000806562
88,363.937,0.06672,0.81053,1,0.53027,0.000801406,0.000801406,0.000801406
89,367.679,0.11628,0.76842,1,0.84521,0.00079625,0.00079625,0.00079625
90,371.71,0.11339,0.76842,1,0.79443,0.000791094,0.000791094,0.000791094
91,375.537,0.09429,0.83158,1,0.41089,0.000785938,0.000785938,0.000785938
92,379.3,0.08552,0.81053,1,0.45776,0.000780781,0.000780781,0.000780781
93,383.189,0.09883,0.8,1,0.90625,0.000775625,0.000775625,0.000775625
94,387.224,0.10879,0.84211,1,0.61865,0.000770469,0.000770469,0.000770469
95,391.15,0.06455,0.87368,1,0.58594,0.000765313,0.000765313,0.000765313
96,394.982,0.10746,0.83158,1,0.69287,0.000760156,0.000760156,0.000760156
97,398.827,0.09649,0.76842,1,0.95068,0.000755,0.000755,0.000755
98,402.729,0.08306,0.76842,1,1.15527,0.000749844,0.000749844,0.000749844
99,406.602,0.08697,0.85263,1,0.56494,0.000744688,0.000744688,0.000744688
100,410.556,0.09179,0.84211,1,0.69385,0.000739531,0.000739531,0.000739531
101,414.414,0.11244,0.76842,1,0.68164,0.000734375,0.000734375,0.000734375
102,418.181,0.09424,0.78947,1,0.79199,0.000729219,0.000729219,0.000729219
103,422.139,0.09868,0.8,1,0.67773,0.000724062,0.000724062,0.000724062
104,426.026,0.1307,0.87368,1,0.44727,0.000718906,0.000718906,0.000718906
105,430.026,0.06413,0.8,1,0.89551,0.00071375,0.00071375,0.00071375
106,433.932,0.07328,0.88421,1,0.49097,0.000708594,0.000708594,0.000708594
107,437.727,0.07817,0.8,1,0.74902,0.000703437,0.000703437,0.000703437
108,441.762,0.06795,0.71579,1,1.03125,0.000698281,0.000698281,0.000698281
109,445.754,0.08214,0.83158,1,0.62842,0.000693125,0.000693125,0.000693125
110,449.667,0.068,0.89474,1,0.38696,0.000687969,0.000687969,0.000687969
111,453.412,0.07777,0.85263,1,0.47656,0.000682813,0.000682813,0.000682813
112,457.274,0.06223,0.74737,1,0.79297,0.000677656,0.000677656,0.000677656
113,461.135,0.04864,0.82105,1,0.70215,0.0006725,0.0006725,0.0006725
114,464.976,0.08624,0.76842,1,1.02637,0.000667344,0.000667344,0.000667344
115,468.802,0.07239,0.78947,1,0.85938,0.000662188,0.000662188,0.000662188
116,472.768,0.06682,0.88421,1,0.53369,0.000657031,0.000657031,0.000657031
117,476.596,0.06293,0.87368,1,0.49585,0.000651875,0.000651875,0.000651875
118,480.481,0.05329,0.88421,1,0.49341,0.000646719,0.000646719,0.000646719
119,484.269,0.06737,0.86316,1,0.54053,0.000641562,0.000641562,0.000641562
120,488.186,0.0551,0.87368,1,0.49634,0.000636406,0.000636406,0.000636406
121,492.093,0.0445,0.87368,1,0.60156,0.00063125,0.00063125,0.00063125
122,495.897,0.04462,0.88421,1,0.52051,0.000626094,0.000626094,0.000626094
123,499.699,0.03923,0.91579,1,0.32983,0.000620938,0.000620938,0.000620938
124,503.573,0.04373,0.90526,1,0.32861,0.000615781,0.000615781,0.000615781
125,507.508,0.02576,0.90526,1,0.51318,0.000610625,0.000610625,0.000610625
126,511.505,0.05722,0.90526,1,0.56836,0.000605469,0.000605469,0.000605469
127,515.358,0.046,0.86316,1,0.62061,0.000600313,0.000600313,0.000600313
128,519.242,0.03859,0.82105,1,0.61182,0.000595156,0.000595156,0.000595156
129,523.17,0.05748,0.83158,1,0.55811,0.00059,0.00059,0.00059
130,527.075,0.04156,0.85263,1,0.51562,0.000584844,0.000584844,0.000584844
131,530.835,0.04058,0.87368,1,0.46436,0.000579688,0.000579688,0.000579688
132,534.659,0.05006,0.86316,1,0.42993,0.000574531,0.000574531,0.000574531
133,538.403,0.02671,0.85263,1,0.51758,0.000569375,0.000569375,0.000569375
134,542.257,0.06571,0.82105,1,0.78809,0.000564219,0.000564219,0.000564219
135,546.151,0.0539,0.82105,1,0.90137,0.000559062,0.000559062,0.000559062
136,549.959,0.04757,0.86316,1,0.62549,0.000553906,0.000553906,0.000553906
137,553.718,0.02974,0.84211,1,0.62598,0.00054875,0.00054875,0.00054875
138,557.577,0.02958,0.8,1,0.7959,0.000543594,0.000543594,0.000543594
139,561.347,0.06881,0.84211,1,0.62061,0.000538438,0.000538438,0.000538438
140,565.172,0.05122,0.86316,1,0.47656,0.000533281,0.000533281,0.000533281
141,569.05,0.03927,0.83158,1,0.46899,0.000528125,0.000528125,0.000528125
142,572.759,0.05186,0.82105,1,0.58936,0.000522969,0.000522969,0.000522969
143,576.549,0.07219,0.8,1,0.7915,0.000517813,0.000517813,0.000517813
144,580.559,0.062,0.82105,1,0.83154,0.000512656,0.000512656,0.000512656
145,584.356,0.05046,0.85263,1,0.62256,0.0005075,0.0005075,0.0005075
146,588.189,0.04222,0.85263,1,0.6377,0.000502344,0.000502344,0.000502344
147,591.95,0.03786,0.87368,1,0.51709,0.000497188,0.000497188,0.000497188
148,595.853,0.03493,0.89474,1,0.42993,0.000492031,0.000492031,0.000492031
149,599.636,0.05544,0.87368,1,0.55225,0.000486875,0.000486875,0.000486875
150,603.507,0.03669,0.86316,1,0.54004,0.000481719,0.000481719,0.000481719
151,607.533,0.03598,0.85263,1,0.54492,0.000476562,0.000476562,0.000476562
152,611.395,0.0274,0.86316,1,0.56201,0.000471406,0.000471406,0.000471406
153,615.275,0.04206,0.84211,1,0.58789,0.00046625,0.00046625,0.00046625
154,619.302,0.03835,0.84211,1,0.61377,0.000461094,0.000461094,0.000461094
155,623.146,0.06251,0.84211,1,0.58936,0.000455937,0.000455937,0.000455937
156,627.155,0.05284,0.89474,1,0.58545,0.000450781,0.000450781,0.000450781
157,631.117,0.05466,0.86316,1,0.61621,0.000445625,0.000445625,0.000445625
158,634.909,0.06271,0.83158,1,0.57666,0.000440469,0.000440469,0.000440469
159,638.961,0.05462,0.84211,1,0.51025,0.000435312,0.000435312,0.000435312
160,642.925,0.03085,0.89474,1,0.42456,0.000430156,0.000430156,0.000430156
161,646.667,0.04398,0.91579,1,0.41406,0.000425,0.000425,0.000425
162,650.663,0.02215,0.88421,1,0.46509,0.000419844,0.000419844,0.000419844
163,654.482,0.02682,0.90526,1,0.47974,0.000414688,0.000414688,0.000414688
164,658.397,0.02849,0.92632,1,0.44287,0.000409531,0.000409531,0.000409531
165,662.333,0.01783,0.93684,1,0.46362,0.000404375,0.000404375,0.000404375
166,666.165,0.04272,0.92632,1,0.50879,0.000399219,0.000399219,0.000399219
167,670.019,0.04475,0.87368,1,0.56299,0.000394063,0.000394063,0.000394063
168,673.953,0.03115,0.89474,1,0.62256,0.000388906,0.000388906,0.000388906
169,677.727,0.02363,0.88421,1,0.60107,0.00038375,0.00038375,0.00038375
170,681.738,0.02819,0.88421,1,0.55176,0.000378594,0.000378594,0.000378594
171,685.517,0.02051,0.89474,1,0.48291,0.000373437,0.000373437,0.000373437
172,689.469,0.03019,0.90526,1,0.39551,0.000368281,0.000368281,0.000368281
173,693.423,0.01183,0.89474,1,0.36426,0.000363125,0.000363125,0.000363125
174,697.271,0.01927,0.86316,1,0.39355,0.000357969,0.000357969,0.000357969
175,701.056,0.03216,0.84211,1,0.45801,0.000352812,0.000352812,0.000352812
176,704.812,0.02085,0.85263,1,0.48682,0.000347656,0.000347656,0.000347656
177,708.569,0.0225,0.84211,1,0.53027,0.0003425,0.0003425,0.0003425
178,712.437,0.01593,0.84211,1,0.56738,0.000337344,0.000337344,0.000337344
179,716.328,0.02615,0.88421,1,0.51904,0.000332187,0.000332187,0.000332187
180,720.193,0.01874,0.87368,1,0.4585,0.000327031,0.000327031,0.000327031
181,724.039,0.02475,0.88421,1,0.49341,0.000321875,0.000321875,0.000321875
182,727.813,0.03191,0.86316,1,0.57471,0.000316719,0.000316719,0.000316719
183,731.629,0.0324,0.87368,1,0.54102,0.000311563,0.000311563,0.000311563
184,735.38,0.03197,0.87368,1,0.56396,0.000306406,0.000306406,0.000306406
185,739.224,0.02503,0.84211,1,0.61621,0.00030125,0.00030125,0.00030125
186,742.959,0.02581,0.87368,1,0.5835,0.000296094,0.000296094,0.000296094
187,746.81,0.01624,0.87368,1,0.56104,0.000290937,0.000290937,0.000290937
188,750.627,0.01958,0.87368,1,0.56494,0.000285781,0.000285781,0.000285781
189,755.018,0.02493,0.84211,1,0.53809,0.000280625,0.000280625,0.000280625
190,758.773,0.02547,0.84211,1,0.59473,0.000275469,0.000275469,0.000275469
191,762.54,0.02113,0.88421,1,0.50537,0.000270313,0.000270313,0.000270313
192,766.534,0.0245,0.89474,1,0.47827,0.000265156,0.000265156,0.000265156
193,770.341,0.03111,0.90526,1,0.47949,0.00026,0.00026,0.00026
194,774.142,0.03036,0.92632,1,0.46899,0.000254844,0.000254844,0.000254844
195,777.889,0.03667,0.89474,1,0.47461,0.000249687,0.000249687,0.000249687
196,781.788,0.0042,0.91579,1,0.46802,0.000244531,0.000244531,0.000244531
197,785.653,0.04358,0.90526,1,0.44604,0.000239375,0.000239375,0.000239375
198,789.652,0.01298,0.92632,1,0.36377,0.000234219,0.000234219,0.000234219
199,793.433,0.02469,0.94737,1,0.3374,0.000229063,0.000229063,0.000229063
200,797.368,0.02426,0.92632,1,0.3457,0.000223906,0.000223906,0.000223906
201,801.253,0.01473,0.91579,1,0.35791,0.00021875,0.00021875,0.00021875
202,805.008,0.03177,0.91579,1,0.36597,0.000213594,0.000213594,0.000213594
203,808.964,0.02418,0.92632,1,0.41455,0.000208438,0.000208438,0.000208438
204,812.764,0.02065,0.91579,1,0.46631,0.000203281,0.000203281,0.000203281
205,816.576,0.02612,0.91579,1,0.48096,0.000198125,0.000198125,0.000198125
206,820.4,0.02681,0.88421,1,0.46436,0.000192969,0.000192969,0.000192969
207,824.198,0.02491,0.90526,1,0.44604,0.000187813,0.000187813,0.000187813
208,828.001,0.02827,0.90526,1,0.44067,0.000182656,0.000182656,0.000182656
209,831.81,0.02227,0.90526,1,0.45508,0.0001775,0.0001775,0.0001775
210,835.634,0.03594,0.89474,1,0.48267,0.000172344,0.000172344,0.000172344
211,839.403,0.01567,0.86316,1,0.4751,0.000167188,0.000167188,0.000167188
212,843.269,0.02676,0.88421,1,0.46631,0.000162031,0.000162031,0.000162031
213,847.118,0.01409,0.87368,1,0.46118,0.000156875,0.000156875,0.000156875
214,850.986,0.0231,0.89474,1,0.46118,0.000151719,0.000151719,0.000151719
215,854.756,0.02812,0.87368,1,0.45996,0.000146562,0.000146562,0.000146562
216,858.506,0.01559,0.88421,1,0.45972,0.000141406,0.000141406,0.000141406
217,862.488,0.02019,0.88421,1,0.47314,0.00013625,0.00013625,0.00013625
218,866.281,0.01653,0.88421,1,0.49731,0.000131094,0.000131094,0.000131094
219,870.196,0.0304,0.86316,1,0.49146,0.000125938,0.000125938,0.000125938
220,874.074,0.01389,0.87368,1,0.47827,0.000120781,0.000120781,0.000120781
221,877.802,0.01512,0.88421,1,0.45825,0.000115625,0.000115625,0.000115625
222,881.561,0.01275,0.91579,1,0.4375,0.000110469,0.000110469,0.000110469
223,885.392,0.01008,0.88421,1,0.44507,0.000105312,0.000105312,0.000105312
224,889.343,0.01568,0.89474,1,0.44336,0.000100156,0.000100156,0.000100156
225,893.159,0.00952,0.90526,1,0.44263,9.5e-05,9.5e-05,9.5e-05
226,896.876,0.00342,0.89474,1,0.44116,8.98437e-05,8.98437e-05,8.98437e-05
227,900.718,0.01762,0.89474,1,0.44238,8.46875e-05,8.46875e-05,8.46875e-05
228,904.639,0.01415,0.89474,1,0.44971,7.95313e-05,7.95313e-05,7.95313e-05
229,908.725,0.01332,0.90526,1,0.44873,7.4375e-05,7.4375e-05,7.4375e-05
230,912.594,0.00864,0.90526,1,0.44971,6.92187e-05,6.92187e-05,6.92187e-05
231,919.745,0.00694,0.90526,1,0.44873,6.40625e-05,6.40625e-05,6.40625e-05
232,923.475,0.01377,0.90526,1,0.45337,5.89062e-05,5.89062e-05,5.89062e-05
233,927.352,0.00503,0.90526,1,0.45825,5.375e-05,5.375e-05,5.375e-05
234,931.09,0.02945,0.90526,1,0.46069,4.85938e-05,4.85938e-05,4.85938e-05
235,934.879,0.01792,0.90526,1,0.47021,4.34375e-05,4.34375e-05,4.34375e-05
236,938.706,0.01083,0.90526,1,0.47363,3.82813e-05,3.82813e-05,3.82813e-05
237,942.648,0.01604,0.90526,1,0.4729,3.3125e-05,3.3125e-05,3.3125e-05
238,946.489,0.01696,0.91579,1,0.47192,2.79687e-05,2.79687e-05,2.79687e-05
239,950.357,0.01008,0.91579,1,0.47559,2.28125e-05,2.28125e-05,2.28125e-05
240,954.211,0.01659,0.91579,1,0.47925,1.76562e-05,1.76562e-05,1.76562e-05
